dev_id,stt_no,lon,lat,dev_purpose,manufacturer,dev_model,depoist_date,trans_method,ip,power,sampling_period,measure_period,upload_period,base_elev,culvert_depth,dev_depth1,dev_depth2,alarm1,alarm2,alarm3,desc
FL000001,67000-000161,120.25041,22.96679,雨水下水道,開創水資源科技股份有限公司,,,,,,NULL,NULL,NULL,NULL,NULL,NULL,NULL,NULL,NULL,NULL,
FL000002,67000-000162,120.266044,23.000247,雨水下水道,開創水資源科技股份有限公司,,,,,,NULL,NULL,NULL,NULL,NULL,NULL,NULL,NULL,NULL,NULL,
FL000003,67000-000163,120.21381,23.03638,雨水下水道,開創水資源科技股份有限公司,,,,,,NULL,NULL,NULL,NULL,NULL,NULL,NULL,NULL,NULL,NULL,
FL000004,67000-000164,120.18938,23.24266,雨水下水道,開創水資源科技股份有限公司,,,,,,NULL,NULL,NULL,NULL,NULL,NULL,NULL,NULL,NULL,NULL,
SW000001,67000-000001,120.197863,23.055091,雨水下水道,開創水資源科技股份有限公司,,,,,,NULL,NULL,600,-0.298,1.96,NULL,NULL,2.332,1.942,0.962,
SW000002,67000-000002,120.20386,23.03728,雨水下水道,開創水資源科技股份有限公司,,,,,,NULL,NULL,600,-0.878,2.73,NULL,NULL,2.352,1.852,0.487,
SW000003,67000-000003,120.25036,22.96673,雨水下水道,開創水資源科技股份有限公司,,,,,,NULL,NULL,600,4.17,1.4,NULL,NULL,5.95,5.57,4.87,
SW000004,67000-000004,120.22023,22.92364,雨水下水道,開創水資源科技股份有限公司,,,,,,NULL,NULL,600,0.831,1.8,NULL,NULL,3.541,2.631,1.731,
SW000005,67000-000005,120.21766,22.91453,雨水下水道,開創水資源科技股份有限公司,,,,,,NULL,NULL,600,1.331,1.98,NULL,NULL,3.551,3.311,2.321,
SW000006,67000-000006,120.24195,22.96229,雨水下水道,開創水資源科技股份有限公司,,,,,,NULL,NULL,600,3.468,1.99,NULL,NULL,6.228,5.458,4.463,
SW000007,67000-000007,120.25137,22.9865,雨水下水道,開創水資源科技股份有限公司,,,,,,NULL,NULL,600,3.214,1.89,NULL,NULL,6.714,5.714,4.769,
SW000008,67000-000008,120.25442,22.96819,雨水下水道,開創水資源科技股份有限公司,,,,,,NULL,NULL,600,5.356,1.52,NULL,NULL,7.756,6.876,6.116,
SW000009,67000-000009,120.24385,22.97374,雨水下水道,開創水資源科技股份有限公司,,,,,,NULL,NULL,600,7.322,1.7,NULL,NULL,10.162,9.022,8.172,
SW000010,67000-000010,120.2476,22.97543,雨水下水道,開創水資源科技股份有限公司,,,,,,NULL,NULL,600,3.098,2.55,NULL,NULL,6.678,5.648,4.373,
SW000011,67000-000011,120.25624,22.97493,雨水下水道,開創水資源科技股份有限公司,,,,,,NULL,NULL,600,6.094,1.1,NULL,NULL,7.734,7.194,6.644,
SW000012,67000-000012,120.25114,22.9803,雨水下水道,開創水資源科技股份有限公司,,,,,,NULL,NULL,600,3.95,1.9,NULL,NULL,6.3,5.85,4.9,
SW000013,67000-000013,120.25519,22.99147,雨水下水道,開創水資源科技股份有限公司,,,,,,NULL,NULL,600,4.317,2.02,NULL,NULL,7.307,6.337,5.327,
SW000014,67000-000014,120.24863,22.99072,雨水下水道,開創水資源科技股份有限公司,,,,,,NULL,NULL,600,2.942,2.97,NULL,NULL,6.902,5.912,4.427,
SW000015,67000-000015,120.25172,23.02925,雨水下水道,開創水資源科技股份有限公司,,,,,,NULL,NULL,600,13.098,0.769,NULL,NULL,15.938,13.867,13.483,
SW000016,67000-000016,120.21644,23.03303,雨水下水道,開創水資源科技股份有限公司,,,,,,NULL,NULL,600,-1.691,3.42,NULL,NULL,2.459,1.729,0.019,
SW000017,67000-000017,120.21376,23.03627,雨水下水道,開創水資源科技股份有限公司,,,,,,NULL,NULL,600,-1.232,3,NULL,NULL,2.778,1.768,0.268,
SW000018,67000-000018,120.26685,23.05587,雨水下水道,開創水資源科技股份有限公司,,,,,,NULL,NULL,600,-0.621,1.54,NULL,NULL,2.459,1.909,1.139,
SW000019,67000-000019,120.21085,23.03537,雨水下水道,開創水資源科技股份有限公司,,,,,,NULL,NULL,600,0.366,1.28,NULL,NULL,2.166,1.646,1.006,
SW000020,67000-000020,120.20688,23.03915,雨水下水道,開創水資源科技股份有限公司,,,,,,NULL,NULL,600,0.455,1.26,NULL,NULL,2.155,1.715,1.085,
SW000021,67000-000021,120.20438,23.03784,雨水下水道,開創水資源科技股份有限公司,,,,,,NULL,NULL,600,-0.315,1.52,NULL,NULL,2.105,1.205,0.445,
SW000022,67000-000022,120.20321,23.04213,雨水下水道,開創水資源科技股份有限公司,,,,,,NULL,NULL,600,0.164,1.85,NULL,NULL,2.924,2.014,1.089,
SW000023,67000-000023,120.20329,23.03595,雨水下水道,開創水資源科技股份有限公司,,,,,,NULL,NULL,600,-0.447,1.81,NULL,NULL,2.093,1.363,0.458,
SW000024,67000-000024,120.190258,23.040544,雨水下水道,開創水資源科技股份有限公司,,,,,,NULL,NULL,600,0,2.43,NULL,NULL,2.43,1.66,0.9,
SW000025,67000-000025,120.19103,23.04579,雨水下水道,開創水資源科技股份有限公司,,,,,,NULL,NULL,600,-0.619,2.55,NULL,NULL,2.521,1.931,0.656,
SW000026,67000-000026,120.1877,23.0401,雨水下水道,開創水資源科技股份有限公司,,,,,,NULL,NULL,600,-1.108,2.58,NULL,NULL,2.402,1.472,0.182,
SW000027,67000-000027,120.18428,23.04008,雨水下水道,開創水資源科技股份有限公司,,,,,,NULL,NULL,600,0.157,0.96,NULL,NULL,1.427,1.117,0.637,
SW000028,67000-000028,120.186415,23.037845,雨水下水道,開創水資源科技股份有限公司,,,,,,NULL,NULL,600,-0.453,1.88,NULL,NULL,2.127,1.427,0.487,
SW000029,67000-000029,120.209492,23.031414,雨水下水道,開創水資源科技股份有限公司,,,,,,NULL,NULL,600,-0.606,2.49,NULL,NULL,5.284,4.884,0.639,
SW000030,67000-000030,120.206191,23.030792,雨水下水道,開創水資源科技股份有限公司,,,,,,NULL,NULL,600,-1.255,2.69,NULL,NULL,2.535,1.435,0.09,
SW000031,67000-000031,120.19521,23.04986,雨水下水道,開創水資源科技股份有限公司,,,,,,NULL,NULL,600,-0.697,2.46,NULL,NULL,2.263,1.763,0.533,
SW000032,67000-000032,120.180131,23.0480869,雨水下水道,開創水資源科技股份有限公司,,,,,,NULL,NULL,600,-0.145,1.66,NULL,NULL,2.645,2.105,1.275,
SW000033,67000-000033,120.30236,23.30778,雨水下水道,開創水資源科技股份有限公司,,,,,,NULL,NULL,600,5.66,2.77,NULL,NULL,9.96,8.43,7.045,
SW000034,67000-000034,120.174968,23.04942,雨水下水道,開創水資源科技股份有限公司,,,,,,NULL,NULL,600,0.186,2.48,NULL,NULL,3.046,2.666,1.426,
SW000035,67000-000035,120.22223,23.0667809,雨水下水道,開創水資源科技股份有限公司,,,,,,NULL,NULL,600,0.274,1.97,NULL,NULL,3.284,2.594,1.609,
SW000036,67000-000036,120.177726,23.067768,雨水下水道,開創水資源科技股份有限公司,,,,,,NULL,NULL,600,0.487,2.18,NULL,NULL,3.377,2.667,1.577,
SW000037,67000-000037,120.12417,23.05572,雨水下水道,開創水資源科技股份有限公司,,,,,,NULL,NULL,600,-0.692,1.86,NULL,NULL,1.778,1.168,0.238,
SW000038,67000-000038,120.12843,23.03763,雨水下水道,開創水資源科技股份有限公司,,,,,,NULL,NULL,600,-0.608,1.68,NULL,NULL,1.562,1.072,0.232,
SW000039,67000-000039,120.12321,23.03665,雨水下水道,開創水資源科技股份有限公司,,,,,,NULL,NULL,600,-0.679,1.77,NULL,NULL,1.691,1.091,0.206,
SW000040,67000-000040,120.171696,23.052102,雨水下水道,開創水資源科技股份有限公司,,,,,,NULL,NULL,600,0.153,1.19,NULL,NULL,1.963,1.343,0.748,
SW000041,67000-000041,120.168115,23.050304,雨水下水道,開創水資源科技股份有限公司,,,,,,NULL,NULL,600,-0.379,1.45,NULL,NULL,1.951,1.491,0.766,
SW000042,67000-000042,120.178422,23.051254,雨水下水道,開創水資源科技股份有限公司,,,,,,NULL,NULL,600,-0.285,1.81,NULL,NULL,2.755,2.135,1.23,
SW000043,67000-000043,120.230082,23.0377569,雨水下水道,開創水資源科技股份有限公司,,,,,,NULL,NULL,600,1.596,3.15,NULL,NULL,5.756,5.066,3.491,
SW000044,67000-000044,120.360153,23.115599,雨水下水道,開創水資源科技股份有限公司,,,,,,NULL,NULL,600,16.64,1.24,NULL,NULL,18.59,17.9,17.28,
SW000045,67000-000045,120.259308,23.023381,雨水下水道,開創水資源科技股份有限公司,,,,,,NULL,NULL,600,7.236,1.3,NULL,NULL,9.566,8.536,7.886,
SW000046,67000-000046,120.26125,23.02784,雨水下水道,開創水資源科技股份有限公司,,,,,,NULL,NULL,600,6.372,2.39,NULL,NULL,10.622,8.762,7.567,
SW000047,67000-000047,120.19005,23.03233,雨水下水道,開創水資源科技股份有限公司,,,,,,NULL,NULL,600,-1.355,2.46,NULL,NULL,2.045,1.105,-0.125,
SW000048,67000-000048,120.24995,23.03118,雨水下水道,開創水資源科技股份有限公司,,,,,,NULL,NULL,600,12.34,1.94,NULL,NULL,15.23,14.8,13.83,
SW000049,67000-000049,120.27393,23.02957,雨水下水道,開創水資源科技股份有限公司,,,,,,NULL,NULL,600,6.203,2.41,NULL,NULL,9.953,9.093,7.888,
SW000050,67000-000050,120.2622,23.03516,雨水下水道,開創水資源科技股份有限公司,,,,,,NULL,NULL,600,4.074,2.98,NULL,NULL,8.794,7.054,5.564,
SW000051,67000-000051,120.2659,23.00015,雨水下水道,開創水資源科技股份有限公司,,,,,,NULL,NULL,600,4.735,4.81,NULL,NULL,9.735,9.545,7.14,
SW000052,67000-000052,120.258347,23.006018,雨水下水道,開創水資源科技股份有限公司,,,,,,NULL,NULL,600,7.304,0.66,NULL,NULL,8.424,7.964,7.634,
SW000053,67000-000053,120.25868,23.01367,雨水下水道,開創水資源科技股份有限公司,,,,,,NULL,NULL,600,5.53,1.95,NULL,NULL,8.51,7.48,6.505,
SW000054,67000-000054,120.238167,23.019181,雨水下水道,開創水資源科技股份有限公司,,,,,,NULL,NULL,600,20.35,1.99,NULL,NULL,23.02,22.34,21.345,
SW000055,67000-000055,120.212847,23.001804,雨水下水道,開創水資源科技股份有限公司,,,,,,NULL,NULL,600,10.066,1.22,NULL,NULL,11.826,11.616,11.006,
SW000056,67000-000056,120.202537,23.019259,雨水下水道,開創水資源科技股份有限公司,,,,,,NULL,NULL,600,-0.565,2.42,NULL,NULL,3.135,2.455,1.245,
SW000057,67000-000057,120.206193,23.017009,雨水下水道,開創水資源科技股份有限公司,,,,,,NULL,NULL,600,1.005,2.25,NULL,NULL,4.325,3.255,2.13,
SW000058,67000-000058,120.195789,23.017168,雨水下水道,開創水資源科技股份有限公司,,,,,,NULL,NULL,600,0.892,1.54,NULL,NULL,2.692,2.432,1.662,
SW000059,67000-000059,120.200346,23.0149639,雨水下水道,開創水資源科技股份有限公司,,,,,,NULL,NULL,600,0.096,2.28,NULL,NULL,3.326,2.686,1.546,
SW000060,67000-000060,120.209068,23.006256,雨水下水道,開創水資源科技股份有限公司,,,,,,NULL,NULL,600,5.277,2.49,NULL,NULL,8.847,7.767,6.522,
SW000061,67000-000061,120.209068,23.006746,雨水下水道,開創水資源科技股份有限公司,,,,,,NULL,NULL,600,1.928,1.8,NULL,NULL,4.428,3.728,2.828,
SW000062,67000-000062,120.19609,23.00653,雨水下水道,開創水資源科技股份有限公司,,,,,,NULL,NULL,600,0.964,2.02,NULL,NULL,3.544,2.984,1.974,
SW000063,67000-000063,120.18666,23.010374,雨水下水道,開創水資源科技股份有限公司,,,,,,NULL,NULL,600,0.306,1.51,NULL,NULL,2.346,1.816,1.061,
SW000064,67000-000064,120.19138,22.98158,雨水下水道,開創水資源科技股份有限公司,,,,,,NULL,NULL,600,-1.25,2.7,NULL,NULL,2.42,1.89,0.54,
SW000065,67000-000065,120.19764,22.9864,雨水下水道,開創水資源科技股份有限公司,,,,,,NULL,NULL,600,1.839,1.385,NULL,NULL,3.839,3.224,2.532,
SW000066,67000-000066,120.21104,22.9839,雨水下水道,開創水資源科技股份有限公司,,,,,,NULL,NULL,600,9.606,3.56,NULL,NULL,14.326,13.786,12.006,
SW000067,67000-000067,120.209689,23.981529,雨水下水道,開創水資源科技股份有限公司,,,,,,NULL,NULL,600,9.825,2.5,NULL,NULL,14.445,12.325,11.075,
SW000068,67000-000068,120.25533,23.01518,雨水下水道,開創水資源科技股份有限公司,,,,,,NULL,NULL,600,4.437,2.58,NULL,NULL,8.197,7.017,5.727,
SW000069,67000-000069,120.193231,23.003251,雨水下水道,開創水資源科技股份有限公司,,,,,,NULL,NULL,600,-0.74,2.84,NULL,NULL,2.724,2.104,0.684,NULL
SW000070,67000-000070,120.187819,22.999059,雨水下水道,開創水資源科技股份有限公司,,,,,,NULL,NULL,600,-1.023,2.09,NULL,NULL,1.737,1.067,0.022,
SW000071,67000-000071,120.181986,22.999257,雨水下水道,開創水資源科技股份有限公司,,,,,,NULL,NULL,600,0.777,1.37,NULL,NULL,2.487,2.147,1.462,NULL
SW000072,67000-000072,120.179962,22.997049,雨水下水道,開創水資源科技股份有限公司,,,,,,NULL,NULL,600,0.237,0.9,NULL,NULL,1.707,1.137,0.687,
SW000073,67000-000073,120.165869,22.999451,雨水下水道,開創水資源科技股份有限公司,,,,,,NULL,NULL,600,-0.899,1.04,NULL,NULL,1.061,0.141,-0.379,
SW000074,67000-000074,120.161006,23.00282,雨水下水道,開創水資源科技股份有限公司,,,,,,NULL,NULL,600,-0.972,1.62,NULL,NULL,1.228,0.648,-0.162,
SW000075,67000-000075,120.153247,22.99607,雨水下水道,開創水資源科技股份有限公司,,,,,,NULL,NULL,600,-1.625,2.4,NULL,NULL,1.695,0.775,-0.425,
SW000076,67000-000076,120.178249,22.939491,雨水下水道,開創水資源科技股份有限公司,,,,,,NULL,NULL,600,-0.324,1.29,NULL,NULL,1.386,0.966,0.321,
SW000077,67000-000077,120.17891,22.941103,雨水下水道,開創水資源科技股份有限公司,,,,,,NULL,NULL,600,-0.843,2.01,NULL,NULL,1.627,1.167,0.162,
SW000078,67000-000078,120.18303,22.922981,雨水下水道,開創水資源科技股份有限公司,,,,,,NULL,NULL,600,-0.162,1.47,NULL,NULL,1.728,1.308,0.573,
SW000079,67000-000079,120.185756,22.926029,雨水下水道,開創水資源科技股份有限公司,,,,,,NULL,NULL,600,0.077,1.03,NULL,NULL,2.107,1.107,0.592,
SW000080,67000-000080,120.180851,22.931231,雨水下水道,開創水資源科技股份有限公司,,,,,,NULL,NULL,600,-0.225,1.5,NULL,NULL,1.575,1.275,0.525,
SW000081,67000-000081,120.180196,22.938205,雨水下水道,開創水資源科技股份有限公司,,,,,,NULL,NULL,600,-0.748,2.02,NULL,NULL,1.662,1.272,0.262,
SW000082,67000-000082,120.305908,23.087208,雨水下水道,開創水資源科技股份有限公司,,,,,,NULL,NULL,600,6.965,2.68,NULL,NULL,10.645,9.645,8.305,
SW000083,67000-000083,120.303532,23.034481,雨水下水道,開創水資源科技股份有限公司,,,,,,NULL,NULL,600,8.229,1.29,NULL,NULL,10.459,9.519,8.874,
SW000084,67000-000084,120.302875,23.034564,雨水下水道,開創水資源科技股份有限公司,,,,,,NULL,NULL,600,8.176,1.34,NULL,NULL,10.346,9.516,8.846,
SW000085,67000-000085,120.2991,23.037841,雨水下水道,開創水資源科技股份有限公司,,,,,,NULL,NULL,600,7.519,1.24,NULL,NULL,9.479,8.759,8.139,
SW000086,67000-000086,120.2879,22.967453,雨水下水道,開創水資源科技股份有限公司,,,,,,NULL,NULL,600,17.704,1.78,NULL,NULL,22.044,19.594,18.704,
SW000087,67000-000087,120.132573,23.061977,雨水下水道,開創水資源科技股份有限公司,,,,,,NULL,NULL,600,0.242,1.27,NULL,NULL,1.742,1.512,0.877,
SW000088,67000-000088,120.128811,23.060301,雨水下水道,開創水資源科技股份有限公司,,,,,,NULL,NULL,600,0.076,1.53,NULL,NULL,1.966,1.606,0.841,
SW000089,67000-000089,120.16999,23.04697,雨水下水道,開創水資源科技股份有限公司,,,,,,NULL,NULL,600,-0.28,1.47,NULL,NULL,1.96,1.19,0.455,
SW000090,67000-000090,120.17352,23.05317,雨水下水道,開創水資源科技股份有限公司,,,,,,NULL,NULL,600,-0.41,1.91,NULL,NULL,2.13,1.5,0.545,
SW000091,67000-000091,120.181617,23.05241,雨水下水道,開創水資源科技股份有限公司,,,,,,NULL,NULL,600,1.656,1.09,NULL,NULL,3.006,2.746,2.201,
SW000092,67000-000092,120.22047,23.057865,雨水下水道,開創水資源科技股份有限公司,,,,,,NULL,NULL,600,0.254,1.83,NULL,NULL,2.874,2.084,1.169,
SW000093,67000-000093,120.350617,23.230908,雨水下水道,開創水資源科技股份有限公司,,,,,,NULL,NULL,600,22.304,1.42,NULL,NULL,25.084,23.724,23.014,
SW000094,67000-000094,120.354405,23.227892,雨水下水道,開創水資源科技股份有限公司,,,,,,NULL,NULL,600,23.425,1.19,NULL,NULL,25.125,24.615,24.02,
SW000095,67000-000095,120.198532,23.31461,雨水下水道,開創水資源科技股份有限公司,,,,,,NULL,NULL,600,14.917,1.22,NULL,NULL,17.067,16.137,15.527,
SW000096,67000-000096,120.357028,23.124756,雨水下水道,開創水資源科技股份有限公司,,,,,,NULL,NULL,600,20.883,1.83,NULL,NULL,23.523,22.713,21.798,
SW000097,67000-000097,120.295576,23.129473,雨水下水道,開創水資源科技股份有限公司,,,,,,NULL,NULL,600,9.88,1.95,NULL,NULL,12.4,11.83,10.855,
SW000098,67000-000098,120.239788,23.184497,雨水下水道,開創水資源科技股份有限公司,,,,,,NULL,NULL,600,1.868,2.18,NULL,NULL,4.938,4.048,2.958,
SW000099,67000-000099,120.25446,22.98205,雨水下水道,開創水資源科技股份有限公司,,,,,,NULL,NULL,600,3.132,2.93,NULL,NULL,6.762,6.062,4.597,
SW000100,67000-000100,120.260264,23.18552,雨水下水道,開創水資源科技股份有限公司,,,,,,NULL,NULL,600,5.761,1.75,NULL,NULL,8.471,8.121,7.246,
SW000101,67000-000101,120.238242,23.18726,雨水下水道,開創水資源科技股份有限公司,,,,,,NULL,NULL,600,1.282,2.33,NULL,NULL,4.102,3.612,2.447,
SW000102,67000-000102,120.233658,23.188777,雨水下水道,開創水資源科技股份有限公司,,,,,,NULL,NULL,600,1.311,1.4,NULL,NULL,3.501,2.711,2.011,
SW000103,67000-000103,120.22797,23.19574,雨水下水道,開創水資源科技股份有限公司,,,,,,NULL,NULL,600,-0.492,2.93,NULL,NULL,2.858,2.438,0.973,
SW000104,67000-000104,120.317331,23.27799,雨水下水道,開創水資源科技股份有限公司,,,,,,NULL,NULL,600,7.999,1.63,NULL,NULL,10.249,9.629,8.814,
SW000105,67000-000105,120.30914,23.2759,雨水下水道,開創水資源科技股份有限公司,,,,,,NULL,NULL,600,7.898,1.29,NULL,NULL,9.698,9.208,8.563,
SW000106,67000-000106,120.299359,23.276121,雨水下水道,開創水資源科技股份有限公司,,,,,,NULL,NULL,600,7.549,1.46,NULL,NULL,9.239,9.009,8.279,
SW000107,67000-000107,120.262505,23.229821,雨水下水道,開創水資源科技股份有限公司,,,,,,NULL,NULL,600,0.803,2.56,NULL,NULL,4.683,3.363,2.083,
SW000108,67000-000108,120.270952,23.216738,雨水下水道,開創水資源科技股份有限公司,,,,,,NULL,NULL,600,2.294,1.98,NULL,NULL,5.374,4.274,3.284,
SW000109,67000-000109,120.20352,23.12539,雨水下水道,開創水資源科技股份有限公司,,,,,,NULL,NULL,600,2.15,1.51,NULL,NULL,4.914,3.674,2.919,
SW000110,67000-000110,120.365205,23.369936,雨水下水道,開創水資源科技股份有限公司,,,,,,NULL,NULL,600,19.292,1.22,NULL,NULL,21.072,20.512,19.902,
SW000111,67000-000111,120.328189,23.310996,雨水下水道,開創水資源科技股份有限公司,,,,,,NULL,NULL,600,10.466,2.69,NULL,NULL,15.436,13.156,11.811,
SW000112,67000-000112,120.316447,23.316878,雨水下水道,開創水資源科技股份有限公司,,,,,,NULL,NULL,600,9.216,1.65,NULL,NULL,12.056,10.866,10.041,
SW000113,67000-000113,120.24615,23.00632,雨水下水道,開創水資源科技股份有限公司,,,,,,NULL,NULL,600,10.915,1.19,NULL,NULL,13.655,12.105,11.51,
SW000114,67000-000114,120.314177,23.319616,雨水下水道,開創水資源科技股份有限公司,,,,,,NULL,NULL,600,7.515,2.7,NULL,NULL,11.615,10.215,8.865,
SW000115,67000-000115,120.30928,23.31953,雨水下水道,開創水資源科技股份有限公司,,,,,,NULL,NULL,600,5.593,3.31,NULL,NULL,10.313,8.903,7.248,
SW000116,67000-000116,120.298803,23.311348,雨水下水道,開創水資源科技股份有限公司,,,,,,NULL,NULL,600,6.339,1.21,NULL,NULL,8.839,7.549,6.944,
SW000117,67000-000117,120.30182,23.31408,雨水下水道,開創水資源科技股份有限公司,,,,,,NULL,NULL,600,6.485,1.81,NULL,NULL,8.905,8.295,7.39,
SW000118,67000-000118,120.31939,23.31876,雨水下水道,開創水資源科技股份有限公司,,,,,,NULL,NULL,600,8.466,1.52,NULL,NULL,12.146,9.986,9.226,
SW000119,67000-000119,120.314313,23.300843,雨水下水道,開創水資源科技股份有限公司,,,,,,NULL,NULL,600,9.315,2.35,NULL,NULL,12.265,11.665,10.49,
SW000120,67000-000120,120.296816,23.299976,雨水下水道,開創水資源科技股份有限公司,,,,,,NULL,NULL,600,8.284,1.39,NULL,NULL,10.744,9.674,8.979,
SW000121,67000-000121,120.272136,23.324983,雨水下水道,開創水資源科技股份有限公司,,,,,,NULL,NULL,600,4.506,1.57,NULL,NULL,6.626,6.076,5.291,
SW000122,67000-000122,120.267012,23.317166,雨水下水道,開創水資源科技股份有限公司,,,,,,NULL,NULL,600,2.823,2.5,NULL,NULL,6.203,5.323,4.073,
SW000123,67000-000123,120.268353,23.325925,雨水下水道,開創水資源科技股份有限公司,,,,,,NULL,NULL,600,4.72,1.28,NULL,NULL,6.66,6,5.36,
SW000124,67000-000124,120.189997,23.2415682,雨水下水道,開創水資源科技股份有限公司,,,,,,NULL,NULL,600,-0.207,1.65,NULL,NULL,1.833,1.443,0.618,
SW000125,67000-000125,120.188943,23.24328,雨水下水道,開創水資源科技股份有限公司,,,,,,NULL,NULL,600,-0.753,2.06,NULL,NULL,1.927,1.307,0.277,
SW000126,67000-000126,120.190765,23.245131,雨水下水道,開創水資源科技股份有限公司,,,,,,NULL,NULL,600,-1.37,1.95,NULL,NULL,1.88,0.58,-0.395,
SW000127,67000-000127,120.18362,23.238314,雨水下水道,開創水資源科技股份有限公司,,,,,,NULL,NULL,600,-0.345,1.7,NULL,NULL,1.875,1.355,0.505,
SW000128,67000-000128,120.48595,23.17958,雨水下水道,開創水資源科技股份有限公司,,,,,,NULL,NULL,600,94.535,1.2,NULL,NULL,96.615,95.815,95.215,
SW000129,67000-000129,120.18259,23.238887,雨水下水道,開創水資源科技股份有限公司,,,,,,NULL,NULL,600,0.116,1.4,NULL,NULL,2.096,1.516,0.816,
SW000130,67000-000130,120.18138,23.22663,雨水下水道,開創水資源科技股份有限公司,,,,,,NULL,NULL,600,0.43,1.52,NULL,NULL,2.41,1.95,1.19,
SW000131,67000-000131,120.23615,23.03748,雨水下水道,開創水資源科技股份有限公司,,,,,,NULL,NULL,600,6.289,1.58,NULL,NULL,8.409,7.869,7.079,
SW000132,67000-000132,120.22633,23.03134,雨水下水道,開創水資源科技股份有限公司,,,,,,NULL,NULL,600,2.893,2.58,NULL,NULL,6.253,5.473,4.183,
SW000133,67000-000133,120.165489,22.99608,雨水下水道,開創水資源科技股份有限公司,,,,,,NULL,NULL,600,-0.141,1.1,NULL,NULL,1.6,0.959,0.41,
SW000134,67000-000134,120.16544,22.99447,雨水下水道,開創水資源科技股份有限公司,,,,,,NULL,NULL,600,0.229,1.43,NULL,NULL,1.979,1.659,0.944,
SW000135,67000-000135,120.48393,23.17724,雨水下水道,開創水資源科技股份有限公司,,,,,,NULL,NULL,600,89.057,1.41,NULL,NULL,91.937,90.467,89.762,
SW000136,67000-000136,120.166758,22.98867,雨水下水道,開創水資源科技股份有限公司,,,,,,NULL,NULL,600,0.327,1.43,NULL,NULL,2.347,1.757,1.042,
SW000137,67000-000137,120.134503,23.28583,雨水下水道,開創水資源科技股份有限公司,,,,,,NULL,NULL,600,-1.084,1.28,NULL,NULL,0.557,0.196,-0.444,
SW000138,67000-000138,120.17698,23.16058,雨水下水道,開創水資源科技股份有限公司,,,,,,NULL,NULL,600,3.14,1.2,NULL,NULL,4.69,4.34,3.74,
SW000139,67000-000139,120.199772,23.040496,雨水下水道,開創水資源科技股份有限公司,,,,,,NULL,NULL,600,0.434,0.92,NULL,NULL,2.064,1.354,0.894,
SW000140,67000-000140,120.200967,22.999797,雨水下水道,開創水資源科技股份有限公司,,,,,,NULL,NULL,600,1.178,2.6,NULL,NULL,4.708,3.778,2.478,
SW000141,67000-000141,120.234331,22.980315,雨水下水道,開創水資源科技股份有限公司,,,,,,NULL,NULL,600,22.359,1.66,NULL,NULL,24.569,24.019,23.189,
SW000142,67000-000142,120.247979,22.979874,雨水下水道,開創水資源科技股份有限公司,,,,,,NULL,NULL,600,4.646,1.6,NULL,NULL,7.046,6.246,5.446,
SW000143,67000-000143,120.249096,23.026609,雨水下水道,開創水資源科技股份有限公司,,,,,,NULL,NULL,600,15.674,1.19,NULL,NULL,18.604,16.864,16.269,
SW000144,67000-000144,120.254461,23.041642,雨水下水道,開創水資源科技股份有限公司,,,,,,NULL,NULL,600,5.211,2.09,NULL,NULL,8.661,7.301,6.256,
SW000145,67000-000145,120.248272,23.012247,雨水下水道,開創水資源科技股份有限公司,,,,,,NULL,NULL,600,10.68,1.41,NULL,NULL,12.73,12.09,11.385,
SW000146,67000-000146,120.17206,23.23867,雨水下水道,開創水資源科技股份有限公司,,,,,,NULL,NULL,600,-0.114,1.56,NULL,NULL,1.957,1.446,0.667,
SW000147,67000-000147,120.12491,23.03928,雨水下水道,開創水資源科技股份有限公司,,,,,,NULL,NULL,600,-0.19,1.32,NULL,NULL,1.501,1.13,0.471,
SW000148,67000-000148,120.17723,23.23544,雨水下水道,開創水資源科技股份有限公司,,,,,,NULL,NULL,600,0.684,1.25,NULL,NULL,2.204,1.934,1.309,
SW000149,67000-000149,120.210424,22.980956,雨水下水道,開創水資源科技股份有限公司,,,,,,NULL,NULL,600,10.042,3.19,NULL,NULL,14.192,13.232,11.637,
SW000150,67000-000150,120.222106,23.064015,雨水下水道,開創水資源科技股份有限公司,,,,,,NULL,NULL,600,-0.007,2.52,NULL,NULL,2.863,2.513,1.253,
SW000151,67000-000151,120.14102,23.28644,雨水下水道,開創水資源科技股份有限公司,,,,,,NULL,NULL,600,-2.263,2.515,NULL,NULL,0.737,0.252,-1.006,
SW000152,67000-000152,120.258694,23.022209,雨水下水道,開創水資源科技股份有限公司,,,,,,NULL,NULL,600,6.225,1.79,NULL,NULL,9.065,8.015,7.12,
SW000153,67000-000153,120.256744,23.000949,雨水下水道,開創水資源科技股份有限公司,,,,,,NULL,NULL,600,3.412,3.36,NULL,NULL,7.712,6.772,5.092,
SW000154,67000-000154,120.24788,22.98503,雨水下水道,開創水資源科技股份有限公司,,,,,,NULL,NULL,600,4.587,1.97,NULL,NULL,7.377,6.557,5.572,
SW000155,67000-000155,120.258313,22.991316,雨水下水道,開創水資源科技股份有限公司,,,,,,NULL,NULL,600,5.292,1.75,NULL,NULL,7.812,7.042,6.167,
SW000156,67000-000156,120.259231,22.98398,雨水下水道,開創水資源科技股份有限公司,,,,,,NULL,NULL,600,3.3,2.86,NULL,NULL,6.97,6.16,4.73,
SW000157,67000-000157,120.20662,22.99186,雨水下水道,開創水資源科技股份有限公司,,,,,,NULL,NULL,600,8.965,0.81,NULL,NULL,10.035,9.775,9.37,NULL
SW000158,67000-000158,120.2508,22.94599,雨水下水道,開創水資源科技股份有限公司,,,,,,NULL,NULL,600,5.129,1.23,NULL,NULL,7.019,6.359,5.744,
SW000159,67000-000159,120.180142,22.933793,雨水下水道,開創水資源科技股份有限公司,,,,,,NULL,NULL,600,-0.199,1.21,NULL,NULL,1.752,1.011,0.407,
SW000160,67000-000160,120.2013,22.98979,雨水下水道,開創水資源科技股份有限公司,,,,,,NULL,NULL,600,3.657,2.31,NULL,NULL,6.607,5.967,4.812,NULL
